{
    "agency": "C\u00e2mara Municipal de Ferira de Santana",
    "report": "Relat\u00f3rio de Presen\u00e7as por Reuni\u00e3o",
    "session": "47\u00aa SESS\u00c3O ORDIN\u00c1RIA",
    "date": "23/05/2018",
    "attendance": {
        "attending": [
            {
                "party": "DEM",
                "name": "ANTONIO CARLOS ATA\u00cdDE"
            },
            {
                "party": "DEM",
                "name": "CADMIEL PEREIRA"
            },
            {
                "party": "MDB",
                "name": "EDVALDO LIMA"
            },
            {
                "party": "PSDB",
                "name": "EREMITA MOTA"
            },
            {
                "party": "DEM",
                "name": "GERUSA SAMPAIO"
            },
            {
                "party": "MDB",
                "name": "GILMAR AMORIM"
            },
            {
                "party": "MDB",
                "name": "ISA\u00cdAS DE DIOGO"
            },
            {
                "party": "PSD",
                "name": "JO\u00c3O BILILIU"
            },
            {
                "party": "PROS",
                "name": "LUIZ DA FEIRA"
            },
            {
                "party": "DEM",
                "name": "LULINHA"
            },
            {
                "party": "DEM",
                "name": "MARCOS LIMA"
            },
            {
                "party": "DEM",
                "name": "NEINHA"
            },
            {
                "party": "MDB",
                "name": "RON DO POVO"
            },
            {
                "party": "DEM",
                "name": "Z\u00c9 CURUCA"
            },
            {
                "party": "PSD",
                "name": "Z\u00c9 FIL\u00c9"
            }
        ],
        "absent": [
            {
                "party": "PT",
                "name": "ALBERTO NERY"
            },
            {
                "party": "REP",
                "name": "C\u00cdNTIA MACHADO"
            },
            {
                "party": "MDB",
                "name": "FABIANO DA VAN"
            },
            {
                "party": "MDB",
                "name": "JOS\u00c9 CARNEIRO"
            },
            {
                "party": "PATRI",
                "name": "PR TOM"
            },
            {
                "party": "PSB",
                "name": "ROBERTO TOURINHO"
            }
        ],
        "justified": [
            {
                "text": "LICENCIADO",
                "party": "REP",
                "name": "ELI RIBEIRO"
            },
            {
                "text": "LICENCIADO",
                "party": "DEM",
                "name": "JUSTINIANO FRAN\u00c7A"
            },
            {
                "text": "LICENCIADO",
                "party": "DEM",
                "name": "PABLO ROBERTO"
            },
            {
                "text": "SUPLENTE",
                "party": "PHS",
                "name": "ROBECI DA VASSOURA"
            },
            {
                "text": "FALECIMENTO",
                "party": "PHS",
                "name": "RONNY"
            },
            {
                "text": "SUPLENTE",
                "party": "PATRI",
                "name": "SGT JOSAF\u00c1 RAMOS"
            }
        ],
        "report_from_text": {
            "attending": "15",
            "absent": "6",
            "justified": "6"
        }
    },
    "report_generated_by": "Yago Shamady",
    "report_generated_at": "29/05/2020 12:30"
}